A/S Nørresundby Bank,76.07,78.30,77.30,74.30,84.80,89.80,103.50,110.30,112.50,89.40,94.60,88.30,76.80,82.70,77.30,,,,,
Aarhus Lokalbank Aktieselskab,115.24,104.60,83.40,90.10,103.10,124.40,181.00,199.20,189.60,176.60,113.30,140.40,,,,,,,,
Aars Bank A/S,106.30,,,,,,,,,,,,,,,,,,,
Agri-Egens Sparekasse,81.50,96.20,76.80,74.00,56.90,49.30,48.40,63.30,69.40,57.70,,,,,,,,,,
Aktieselskabet Arbejdernes Landsbank,80.20,75.60,71.10,75.50,74.90,78.90,89.90,92.20,92.80,81.70,84.10,77.60,77.90,68.60,66.10,65.10,64.95,61.24,51.47,48.73
"Alfred Berg SE, Copenhagen Branch",19.70,14.50,9.90,7.30,8.50,,,,,,,,,,,,,,,
Alm. Brand Bank A/S,68.20,83.80,32.80,95.80,99.10,128.20,149.50,157.00,156.20,151.50,164.30,151.60,94.40,87.30,60.40,78.50,79.10,79.90,63.20,59.90
Almind Sparekasse,63.50,63.20,63.20,60.70,62.80,56.10,,,,,,,,,,,,,,
Amagerbanken,122.50,106.30,99.50,99.40,103.80,126.90,140.30,165.40,187.30,199.60,280.40,,,,,,,,,
Andelskassen Fælleskassen,104.30,93.70,83.70,75.50,71.60,64.80,81.50,101.10,88.90,89.20,88.60,85.30,76.20,76.70,70.60,63.90,62.20,56.96,57.66,58.67
Andelskassen OIKOS,43.70,53.00,51.70,52.00,52.60,56.00,56.70,69.24,72.50,58.90,51.40,59.08,58.20,62.72,76.80,84.70,75.10,67.80,65.25,
Århus Andelskasse,93.10,85.80,69.80,80.00,77.10,,,,,,,,,,,,,,,
ArosMaizels Investment Bank A/S,0.00,,,,,,,,,,,,,,,,,,,
"Arts Herred, Sparekassen for",57.99,57.40,49.30,41.30,41.60,29.40,35.10,52.30,52.50,50.90,41.80,44.30,,,,,,,,
Astrup-Tulstrup-Hvilsted Sparekasse,28.20,32.90,39.00,24.50,17.10,15.50,8.90,,,,,,,,,,,,,
Bank DNB  A/S,,,,,,,"54,982.00","3,773.00","10,189.00","2,526.00","1,915.00",487.00,,,,,,,,
Bank Trelleborg A/S,101.20,102.10,106.00,106.60,111.40,117.40,135.90,166.50,,,,,,,,,,,,
Basisbank A/S,92.20,88.90,64.50,65.40,68.30,72.90,91.70,105.80,100.70,83.10,76.70,84.00,87.30,88.80,84.10,91.90,96.20,99.30,102.04,107.20
BG Bank A/S,92.70,,,,,,,,,,,,,,,,,,,
Boddum-Ydby Sparekasse,72.70,81.50,83.10,88.20,91.10,80.70,77.10,81.60,100.20,92.40,73.50,88.60,,,,,,,,
Bonusbanken A/S,28.52,33.00,38.50,42.50,56.90,94.90,106.80,111.10,,,,,,,,,,,,
Borbjerg Sparekasse,102.00,87.30,87.10,81.10,98.10,77.30,96.67,103.00,82.60,81.00,76.40,72.10,72.40,77.70,78.10,75.80,77.00,82.70,82.83,74.09
"Brenderup, J.A.K. Andelskassen",111.87,81.40,81.60,99.90,76.30,64.30,63.00,97.20,109.30,,,,,,,,,,,
BRFkredit Bank a/s,132.70,165.90,205.70,180.40,187.90,152.30,245.20,241.00,187.20,145.60,99.00,81.10,80.40,75.60,74.70,,,,,
Broager Sparekasse,78.40,80.10,78.30,79.90,75.00,82.20,93.50,102.90,118.10,93.80,94.00,95.30,81.30,82.50,74.80,69.60,63.10,58.80,57.43,49.22
Brovst Sparekasse,82.60,89.80,82.70,71.40,61.40,57.30,,,,,,,,,,,,,,
Canto Bank A/S,,,,,,,,,,,,,,,,,,,,
Capinordic Bank A/S,,,,,,0.00,231.60,174.09,86.20,,,,,,,,,,,
Carnegie Bank A/S,21.10,82.20,18.10,21.70,80.70,61.10,49.30,47.60,54.30,55.60,31.80,30.02,31.20,,,,,,,
Coop Bank A/S,,,,,,,,,,,,,,95.70,25.70,40.60,57.12,71.76,61.71,66.38
Danske Andelskassers Bank A/S,72.90,58.40,52.20,54.40,48.20,35.80,45.90,279.20,486.60,369.80,395.70,111.40,93.70,92.10,81.80,80.40,80.80,82.00,80.20,75.66
Danske Bank A/S,117.40,112.80,104.90,99.50,105.60,114.70,136.80,138.20,147.90,126.20,130.90,130.60,122.30,113.70,110.30,125.60,117.80,97.10,106.80,106.70
Den Jyske Sparekasse,94.20,94.00,94.50,94.90,101.10,120.20,122.60,122.20,128.60,122.40,110.50,110.10,94.90,100.90,92.30,88.08,83.56,74.75,,
Den Jyske Sparekasse A/S,,,,,,,,,,,,,,,,,,,68.90,65.56
Den lille Sparekasse,115.80,105.10,106.40,87.40,82.70,86.50,108.00,107.90,108.30,,,,,,,,,,,
Dexia Bank A/S,18.00,64.90,359.10,285.10,302.80,"1,186.60",735.60,207.00,538.67,319.20,300.00,606.12,435.24,,,,,,,
DiBa Bank A/S,111.10,110.00,95.60,89.90,103.40,113.80,133.40,141.80,127.00,106.30,110.60,96.70,86.70,73.00,,,,,,
Djurslands Bank A/S,99.79,100.70,103.60,96.50,95.90,91.40,98.10,103.00,104.10,94.40,89.00,93.70,84.20,80.00,77.50,70.80,63.10,62.10,56.70,50.40
Dragsholm Sparekasse,37.00,36.30,33.20,25.50,24.10,30.60,37.00,44.40,53.10,39.00,34.50,32.20,33.70,32.60,29.30,31.40,36.20,36.30,36.66,34.80
Dragstrup-Skallerup Sparekasse,42.50,39.10,29.70,26.20,29.00,,,,,,,,,,,,,,,
Dronninglund Sparekasse,85.70,93.30,101.80,103.60,103.30,101.40,117.60,123.20,122.80,117.20,99.50,96.70,94.40,101.40,93.60,94.60,92.20,91.70,78.91,
Durup Sparekasse,85.70,76.10,61.50,69.20,66.10,64.30,,,,,,,,,,,,,,
"Ebeltoft, Andelskassen J.A.K",102.70,105.50,129.40,126.60,109.80,93.60,78.70,107.40,118.80,93.30,87.93,89.40,87.50,,,,,,,
EBH Bank A/S,107.30,105.10,98.50,107.60,112.10,139.40,155.40,183.50,,,,,,,,,,,,
Egnsbank Fyn A/S,71.85,76.40,,,,,,,,,,,,,,,,,,
Eik Bank Danmark A/S,,114.10,191.80,316.40,374.40,616.90,653.50,108.30,98.90,97.10,152.10,,,,,,,,,
Ekspres Bank A/S,,,,,,,,0.00,0.00,0.00,0.00,0.00,0.00,0.00,0.00,0.00,,0.00,0.00,263.99
Facit Bank A/S,,,,,,,,,,,,,,,,,,,,6.32
Fanefjord Sparekasse,66.40,66.80,62.50,55.60,54.40,51.80,59.00,62.60,75.80,67.10,58.40,58.00,,,,,,,,
Fanø Sparekasse,65.10,67.80,76.20,69.70,64.60,54.40,67.80,65.80,75.00,67.80,69.10,72.50,65.80,61.30,53.60,42.60,38.60,38.10,32.72,33.59
"Farsø, Sparekassen",108.00,112.90,105.70,112.60,104.80,100.80,125.80,122.10,121.50,111.30,118.00,108.60,,,,,,,,
Faster Andelskasse,70.30,69.60,61.40,56.50,55.10,55.90,57.30,58.20,83.80,77.90,56.80,59.20,60.20,59.40,61.70,63.90,58.58,59.39,53.14,54.15
FIH Erhvervsbank A/S,,,"13,878.70","7,632.70","3,526.40","1,483.90",920.05,532.75,278.90,246.20,572.00,536.68,91.02,86.44,81.52,"2,019.39",,,,
FIH Kapital Bank A/S,,,,,,,,0.00,117.70,0.00,0.00,0.00,0.00,,,,,,,
Finansbanken A/S,44.70,79.30,102.10,126.20,114.50,173.20,185.20,201.30,136.20,113.40,,,,,,,,,,
Fionia Bank A/S,127.90,123.80,119.90,121.90,125.80,125.90,134.50,151.30,161.50,,,,,,,,,,,
Fjaltring-Trans Sparekasse,71.20,61.00,55.90,44.00,31.50,32.70,30.56,32.13,43.19,38.48,35.95,32.14,34.63,30.10,25.80,36.00,38.10,,,
Fjordbank Mors A/S,75.70,75.30,89.90,86.30,100.70,112.00,120.70,129.90,131.20,124.40,129.10,,,,,,,,,
Flakkebjerg og Omegns Sparekasse,37.50,35.96,43.10,44.10,38.20,22.70,,,,,,,,,,,,,,
Flemløse Sparekasse,83.40,73.50,84.90,79.40,88.10,94.00,100.50,96.30,101.60,99.70,87.50,88.90,79.00,73.80,72.40,59.90,54.00,,,
Folkesparekassen,117.80,114.40,107.20,91.80,83.00,70.30,86.30,102.90,104.00,96.40,80.80,73.50,69.50,72.50,65.80,60.70,56.20,52.20,48.62,44.47
Forstædernes Bank A/S,115.40,113.90,111.30,120.80,129.20,143.30,143.50,151.70,163.10,,,,,,,,,,,
Frørup Andelskasse,78.80,69.10,69.30,60.90,54.50,58.80,61.10,65.70,70.60,68.80,58.70,58.90,53.50,49.10,44.90,41.80,38.79,38.09,36.13,41.71
Frøs Sparekasse,79.40,70.70,67.90,72.00,72.20,68.80,73.30,78.40,71.40,68.10,62.80,66.50,61.90,59.20,56.20,54.50,48.50,46.40,47.67,45.66
Frøslev-Mollerup Sparekasse,79.90,77.50,78.90,82.90,83.80,71.80,74.60,81.70,76.70,66.80,59.30,57.10,58.40,60.70,62.40,58.80,60.30,58.14,57.67,52.32
Fruering-Vitved Sparekasse,32.90,33.00,32.10,28.30,27.50,23.20,24.10,32.30,47.90,54.60,53.00,,,,,,,,,
Funder Fælleskasse Andelskasse,163.70,163.50,162.50,170.40,166.10,164.70,171.20,185.20,202.80,195.00,159.70,165.60,195.50,171.90,,,,,,
Fuur Sparekasse,66.70,65.60,65.30,64.50,62.00,69.10,,,,,,,,,,,,,,
Fynske Bank A/S,94.40,85.80,86.40,76.60,93.50,93.70,92.00,94.10,90.40,88.70,80.80,83.10,75.10,71.70,63.10,66.00,61.40,60.50,58.20,52.60
Galten Sparekasse,100.70,88.00,79.60,83.50,83.00,70.40,72.40,,,,,,,,,,,,,
"Grønlandsbanken, Aktieselskab",52.30,51.80,44.00,56.60,59.70,63.90,70.80,68.10,83.40,87.30,87.20,83.30,82.30,73.60,77.50,61.70,66.20,82.20,73.10,67.20
Gudme Raaschou Bank A/S,0.00,0.00,0.00,0.00,0.00,"678,720.40","3,536.40","3,285.10","2,700.20",,,,,,,,,,,
Hals Sparekasse,68.90,59.70,55.90,53.20,48.70,48.80,54.00,57.90,62.20,49.10,43.70,48.10,46.00,42.20,40.70,,,,,
Hårslev Sparekasse,58.30,56.70,57.60,70.80,67.70,88.00,96.10,74.10,,,,,,,,,,,,
Hassing-Villerslev Sparekasse,41.10,46.40,,,,,,,,,,,,,,,,,,
Helgenæs Sparekasse,44.30,42.80,50.20,44.80,48.30,33.00,37.50,58.40,77.70,50.92,40.60,49.70,,,,,,,,
Hellevad-Ørum Sparekasse,70.90,72.80,73.50,66.00,63.00,,,,,,,,,,,,,,,
Helligsø-Gettrup Sparekasse,84.00,90.00,83.00,75.40,75.70,,,,,,,,,,,,,,,
Holstebro Andelskasse J.A.K,85.80,85.70,74.80,61.10,64.21,,,,,,,,,,,,,,,
Hover Sparekasse,21.80,20.60,18.50,19.42,12.39,16.80,22.92,,,,,,,,,,,,,
Hunstrup-Østerild Sparekasse,78.90,75.70,67.60,83.60,81.00,79.30,84.70,92.00,83.40,89.90,78.90,77.10,,,,,,,,
HVIDBJERG BANK A/S,,,,,,,,,,,,,,,,,,,,77.49
Hvidbjerg Bank. Aktieselskab,98.80,98.00,99.10,84.90,88.90,91.30,99.90,114.90,114.20,105.40,93.40,99.90,99.20,111.10,88.00,85.00,81.75,82.71,81.31,
Hvidbjerg-Ørum Sparekasse,55.40,53.80,67.90,67.50,70.70,,,,,,,,,,,,,,,
Hvilsager-Lime Sparekasse,18.32,17.10,19.40,16.00,10.60,,,,,,,,,,,,,,,
J.A.K. Andelskassen Varde,98.00,96.61,94.47,82.48,98.47,79.66,95.40,112.13,110.25,94.58,84.53,76.93,,,,,,,,
J.A.K. Østfyns Andelskasse,50.11,51.30,32.70,42.40,47.40,62.00,44.90,,,,,,,,,,,,,
"JAK-Andelskassen, Hjørring",126.00,122.50,,,,,,,,,,,,,,,,,,
Jelling Sparekasse,59.60,68.10,68.10,64.50,66.20,72.20,92.00,,,,,,,,,,,,,
Jelstrup-Lyngby Sparekasse,92.80,,,,,,,,,,,,,,,,,,,
Jerslev Sparekasse,85.30,84.10,86.80,81.80,78.20,76.60,,,,,,,,,,,,,,
Jutlander Bank A/S,102.50,99.60,99.40,96.60,104.30,112.00,121.30,107.70,109.50,94.40,91.00,97.20,86.50,83.70,79.40,75.70,70.60,70.10,70.62,63.90
Jyske Bank A/S,84.80,86.80,86.70,82.40,90.40,96.20,103.70,107.40,102.90,94.00,90.70,92.40,102.70,104.10,102.30,109.80,101.40,94.90,97.90,109.10
Klim Sparekasse,82.20,80.60,82.00,85.80,88.90,82.10,94.70,88.90,86.80,78.30,66.10,60.30,60.40,64.60,55.00,50.00,49.40,54.50,56.73,51.12
Københavns Andelskasse,98.80,90.90,79.10,76.20,73.00,82.20,70.10,94.10,95.80,76.30,84.90,77.30,82.40,88.20,86.80,76.50,77.90,62.80,,
Kongsted Sparekasse,77.70,73.40,58.30,56.30,52.00,46.40,52.60,67.10,72.70,57.70,51.90,59.10,61.51,,,,,,,
Kreditbanken A/S,82.32,89.50,84.90,86.40,82.20,106.00,108.10,116.10,103.60,101.60,104.70,100.70,91.20,89.10,88.30,84.60,83.20,80.10,72.90,63.90
Lægernes Bank A/S,30.60,43.20,58.70,62.30,54.20,51.60,52.70,56.50,65.00,64.60,64.30,74.40,65.00,64.70,64.50,56.90,50.98,47.22,43.19,37.08
Lån & Spar Bank A/S,52.20,50.00,54.90,53.30,52.70,53.80,63.70,91.60,90.00,79.80,83.20,89.10,82.50,75.80,73.50,78.70,77.10,74.30,70.10,62.20
Langå Sparekasse,74.40,68.80,66.30,62.30,65.60,57.30,57.10,63.50,64.20,61.40,50.90,55.70,50.70,44.50,43.50,40.00,38.00,43.90,42.33,43.33
Leasing Fyn Bank A/S,"2,009.60","1,988.50","2,000.90","2,066.10","1,603.30","1,619.20","1,644.00","1,775.30","1,137.60","2,040.49",287.30,219.50,253.06,266.52,"1,297.80",466.79,418.10,347.40,461.10,344.10
"Løgumkloster, Sparekassen",77.30,75.60,81.70,81.10,72.90,80.10,93.90,98.70,99.90,,,,,,,,,,,
Lokalbanken i Nordsjælland a/s,110.20,95.80,84.60,83.90,83.30,84.80,99.90,119.20,116.20,,,,,,,,,,,
Løkken Sparebank A/S,69.00,81.40,77.20,70.20,62.20,66.00,109.10,130.70,118.50,,,,,,,,,,,
"Lolland A/S, Sparekassen",92.00,94.50,93.50,98.10,106.00,118.10,116.90,122.70,126.80,122.70,131.60,87.30,,,,,,,,
Lollands Bank A/S,94.00,86.50,80.90,80.20,85.30,85.60,85.10,91.90,105.40,86.50,93.70,94.70,84.70,82.90,76.80,75.00,70.49,70.72,70.34,63.52
Lunar Bank A/S,,,,,,,,,,,,,,,,,,,,0.00
Lunde-Kvong Andelskasse,49.40,50.79,38.27,28.72,24.41,43.01,64.90,57.57,57.46,46.38,51.37,,,,,,,,,
Maj Bank A/S,,,,,,,,,,,,,,,,0.00,0.00,0.00,,
Max Bank af 2011 A/S,95.10,86.30,93.70,109.50,122.30,115.00,157.80,155.70,155.70,122.60,158.80,,,,,,,,,
Merkur Andelskasse,99.20,99.30,99.50,81.50,87.00,75.90,82.10,94.90,103.40,86.60,80.80,75.70,66.20,66.10,65.10,64.40,64.51,59.50,56.90,55.60
Middelfart Sparekasse,103.00,98.70,92.50,90.20,103.30,96.60,104.80,118.50,108.80,95.30,80.80,86.30,88.70,95.30,87.50,75.10,67.30,62.30,58.80,54.30
"Midt Vest, Sparekassen",90.30,91.60,101.80,84.10,79.20,75.00,,,,,,,,,,,,,,
"Midtbank, Aktieselskab",111.50,113.50,,,,,,,,,,,,,,,,,,
"Midtfjord, Sparekassen",80.20,79.60,79.30,78.80,89.70,83.50,105.10,105.20,108.30,97.30,94.40,,,,,,,,,
Møns Bank A/S,98.90,97.90,89.90,79.30,74.80,73.70,83.90,90.80,97.70,91.80,100.30,96.50,85.50,77.50,74.90,73.60,71.67,70.74,64.32,63.42
Mørke Sparekasse,88.50,71.70,74.50,74.50,90.90,79.30,90.80,,,,,,,,,,,,,
Morsø Andelskasse JAK,105.80,131.90,100.40,84.30,95.70,10.40,99.71,,,,,,,,,,,,,
"Morsø Bank, Aktieselskabet",86.60,78.40,73.40,87.00,108.80,109.10,130.60,115.40,108.50,104.90,,,,,,,,,,
Nees Sparekasse,36.30,55.00,,,,,,,,,,,,,,,,,,
Nordea Bank Danmark A/S,104.60,105.70,106.90,97.50,92.10,104.95,113.83,112.21,118.83,134.10,120.30,87.32,80.90,76.54,71.68,69.30,,,,
Nordea Investment Management Bank A/S,,0.00,0.00,0.00,0.00,0.00,,,,,,,,,,,,,,
Nordea Securities Bank Danmark A/S,,0.00,,,,,,,,,,,,,,,,,,
"Nordfyns Bank, Aktieselskabet",87.89,83.60,84.90,71.70,73.10,77.30,93.30,100.80,93.00,82.30,73.40,78.40,72.10,75.60,72.20,71.30,73.80,65.60,52.90,49.10
Nordjyske Bank A/S,70.95,76.40,74.00,72.40,76.50,87.50,104.80,114.60,116.50,99.30,98.30,97.10,88.90,83.90,85.40,77.30,74.70,76.60,,
Nykredit Bank A/S,175.90,255.10,201.90,157.80,118.40,118.70,141.70,137.60,160.80,124.30,139.50,142.00,162.70,162.70,134.10,139.40,129.75,109.89,119.81,129.15
Nykredit Portefølje Bank A/S,0.00,0.00,0.00,0.00,0.00,0.00,0.00,,,,,,,,,,,,,
Ø. Brønderslev Sparekasse,87.20,86.40,90.60,87.70,92.40,86.10,92.90,107.80,104.90,89.10,,,,,,,,,,
Øster og Vester Alling Sparekasse,48.50,44.70,,,,,,,,,,,,,,,,,,
Østervrå Andelskasse,133.30,184.50,107.90,130.30,139.20,193.20,207.80,131.40,98.60,94.50,97.90,102.42,94.60,101.50,90.10,96.85,92.00,109.30,78.09,69.23
Østjydsk Bank A/S,108.94,116.50,111.30,111.60,116.70,126.50,149.40,165.00,160.30,146.60,146.00,123.00,103.80,123.80,105.40,103.60,106.00,101.40,,
Østvendsyssel J.A.K. Andelskassen,141.60,152.90,,,,,,,,,,,,,,,,,,
PenSam Bank A/S,22.40,22.30,22.70,23.20,26.20,25.70,33.80,41.90,50.10,40.40,37.50,43.30,43.60,51.50,68.80,72.90,75.60,74.20,77.90,79.50
PFA Bank A/S,,,,,,,,,233.25,117.80,94.59,101.67,342.57,0.00,0.00,0.00,,,,
"Ravsted, Sparekassen",77.80,70.60,,,,,,,,,,,,,,,,,,
Refsnæs Sparekasse,32.30,37.50,37.10,39.00,41.20,36.40,44.40,41.30,49.40,40.10,41.20,52.10,57.80,57.60,59.40,52.70,45.80,,,
"Ringkjøbing Bank, Aktieselskabet",95.50,94.00,99.20,109.90,116.80,154.40,166.00,171.80,,,,,,,,,,,,
Ringkjøbing Landbobank. Aktieselskab,132.27,133.30,133.30,127.60,147.10,164.90,185.20,157.40,157.10,120.80,117.60,105.00,102.40,104.10,106.40,107.40,100.50,106.10,95.50,98.10
Rise Flemløse Sparekasse,64.60,65.10,55.80,45.80,39.00,43.20,57.40,64.70,78.60,64.00,62.90,72.70,69.20,66.30,58.80,59.90,52.10,45.40,39.60,35.80
"Rødding, J.A.K. Andelskasse",117.40,108.20,97.50,145.60,99.60,85.50,53.00,94.20,,,,,,,,,,,,
Rønde Sparekasse,89.30,80.20,66.80,61.30,67.60,68.40,75.20,76.20,80.10,70.50,61.80,60.60,54.40,52.30,49.50,48.70,48.40,48.70,45.10,41.29
Roskilde Bank A/S,169.40,162.20,140.60,142.20,156.80,160.60,194.20,190.20,,,,,,,,,,,,
Roslev Sparekasse,74.60,73.90,72.20,73.20,73.10,70.20,,,,,,,,,,,,,,
Ryslinge Andelskasse,36.60,39.30,39.50,39.60,37.50,33.00,36.80,41.70,49.30,48.50,49.00,,,,,,,,,
Salling Bank A/S,103.30,90.50,79.50,80.40,79.60,81.70,92.10,98.80,92.20,95.60,88.90,87.30,79.30,82.90,89.80,86.40,83.10,63.30,64.70,54.50
Sammenslutningen Danske Andelskasser,88.50,83.80,84.40,83.30,86.70,92.00,102.50,99.70,100.20,87.50,100.90,,,,,,,,,
Saxo Bank A/S,,10.50,6.00,4.60,4.80,3.60,3.90,2.70,1.80,2.00,2.50,3.40,5.40,3.40,0.50,0.26,0.65,0.50,0.80,0.50
Saxo Privatbank A/S,93.10,76.50,71.50,84.90,100.80,99.90,135.40,135.20,122.00,104.50,107.20,55.40,59.38,59.16,61.41,62.26,59.60,55.00,,
Saxo Treasury Bank A/S,,5.16,23.10,20.80,27.20,32.70,49.42,88.20,32.97,39.15,27.60,,,,,,,,,
Sdr. Lem Andelskasse,51.40,74.00,82.20,106.00,0.00,,,,,,,,,,,,,,,
Skælskør Bank Aktieselskab,94.30,101.30,86.30,80.00,89.80,105.40,112.70,129.50,129.70,130.10,,,,,,,,,,
SkandiaBanken A/S,38.40,30.50,,,,,,,,,,,,,,,,,,
Skandinaviska Enskilda Banken A/S,15.40,20.50,18.30,23.40,27.60,22.30,44.90,21.70,21.90,20.50,19.80,17.60,,,,,,,,
Skjern Bank A/S,107.08,99.00,104.50,102.20,100.00,109.80,165.50,149.50,126.80,132.40,109.30,108.70,83.00,98.30,89.30,86.40,82.70,81.40,86.30,74.60
"Slagelse, Andelskassen J.A.K.",100.60,92.30,94.70,84.20,88.60,82.84,101.17,102.89,89.07,93.28,92.16,93.90,97.90,100.86,103.60,124.38,,,,
Snedsted-Nørhå Sparekasse,77.80,76.90,76.40,71.50,75.60,,,,,,,,,,,,,,,
Snesere Sogns Spare- og Lånekasse,144.30,,,,,,,,,,,,,,,,,,,
Søby-Skader-Halling Sparekasse,47.10,44.70,52.40,47.60,40.90,35.80,41.10,49.70,64.40,67.90,62.90,61.30,54.10,50.20,49.50,49.00,51.20,,,
Sønderhå-Hørsted Sparekasse,81.70,73.40,78.20,66.80,81.40,84.20,89.50,91.60,92.70,83.10,81.10,85.10,82.00,79.00,79.60,82.10,82.20,73.70,72.78,70.04
Spar Nord Bank A/S,115.70,107.40,104.70,101.90,95.40,121.20,129.30,127.70,117.40,105.40,108.20,103.00,77.80,74.20,68.40,66.90,69.04,74.89,70.23,74.59
Spar Salling Sparekasse,91.90,86.80,82.00,60.20,65.60,70.30,85.80,93.90,88.90,88.20,90.10,83.60,,,,,,,,
Sparbank A/S,105.50,99.20,94.80,104.20,107.00,107.90,133.70,128.20,132.90,103.70,116.70,117.50,,,,,,,,
Spare- og Laanekassen i Vium Sogn,58.91,59.80,66.30,60.80,62.70,,,,,,,,,,,,,,,
Sparebank Østjylland,89.10,81.00,88.00,96.90,94.50,100.90,106.40,126.70,99.90,117.60,129.10,116.40,,,,,,,,
Sparekassen Balling,111.00,97.50,80.90,78.40,80.40,72.10,86.70,88.10,90.20,81.30,76.00,72.60,70.40,63.50,64.50,65.40,66.20,63.10,60.00,54.34
Sparekassen Bredebro,66.50,68.30,71.20,62.30,59.30,56.90,81.00,96.00,105.90,107.30,106.90,106.10,102.00,92.10,78.00,69.60,66.30,56.20,54.49,53.84
Sparekassen Den lille Bikube,71.20,64.30,69.20,53.70,47.10,48.30,51.10,56.90,67.00,55.50,48.70,46.70,45.10,43.10,40.40,34.00,32.70,31.00,30.20,28.32
Sparekassen Djursland,93.70,91.30,81.70,78.90,84.40,75.10,83.30,94.50,91.70,84.20,83.00,77.60,72.00,69.80,66.20,61.50,59.10,54.70,54.11,47.17
Sparekassen for Nr. Nebel og Omegn,92.90,86.50,78.00,75.70,75.00,74.00,80.80,95.10,99.50,83.50,50.50,55.10,49.70,45.80,48.70,48.70,46.00,44.30,41.29,42.26
Sparekassen Fyn A/S,108.50,99.90,101.70,100.10,112.90,130.30,138.20,136.51,143.70,122.40,114.40,112.90,93.50,87.00,84.70,86.90,,,,
Sparekassen Hobro,99.50,102.10,92.00,104.10,105.40,110.60,133.80,127.90,128.80,120.50,109.40,103.70,100.60,93.60,,,,,,
Sparekassen Hvetbo A/S,74.50,74.80,74.10,72.10,100.70,103.00,125.00,143.50,131.70,134.00,107.40,105.30,,,,,,,,
Sparekassen i Skals,80.60,79.20,78.60,88.50,89.90,98.10,96.40,112.00,108.70,102.90,91.30,96.70,,,,,,,,
Sparekassen Kronjylland,93.10,88.10,82.50,86.10,87.10,82.50,96.70,105.70,114.60,90.80,90.50,92.60,80.70,82.00,83.60,81.70,88.00,88.40,87.70,80.10
Sparekassen Limfjorden,79.00,84.70,79.90,82.10,77.80,80.30,86.90,100.90,93.50,83.20,81.00,85.20,,,,,,,,
Sparekassen Midtdjurs,50.10,53.60,52.90,50.80,43.10,40.00,42.10,44.30,57.00,61.50,67.80,,,,,,,,,
Sparekassen Nordmors,50.85,50.90,49.20,47.90,47.90,46.60,43.23,44.23,,,,,,,,,,,,
Sparekassen Sjælland-Fyn A/S,93.93,96.00,92.70,95.40,97.80,105.80,132.50,120.20,124.40,128.10,110.90,95.20,86.91,81.50,73.50,72.10,71.10,71.90,67.60,63.00
Sparekassen Spar Mors,92.10,93.80,0.00,94.50,90.60,96.20,117.80,142.00,,,,,,,,,,,,
Sparekassen Thy,81.70,82.10,90.70,89.70,78.00,92.80,112.50,115.20,105.70,93.80,94.40,90.20,84.40,82.10,77.70,73.50,66.70,59.10,59.42,54.78
Sparekassen Vendsyssel,114.20,101.60,97.00,114.20,114.20,109.00,128.80,147.80,122.80,104.00,102.40,105.60,99.90,104.50,102.40,99.30,92.30,86.70,87.27,80.29
St. Brøndum Sparekasse,86.60,80.50,83.40,74.40,78.10,80.40,93.60,94.80,,,,,,,,,,,,
Stadil Sparekasse,57.30,51.31,56.49,48.60,46.50,40.56,41.49,46.80,58.40,59.40,57.30,56.20,58.20,58.40,55.20,53.30,57.80,59.00,60.97,70.76
"Sundsøre, Sparekassen",69.40,72.33,53.40,57.60,48.50,52.80,,,,,,,,,,,,,,
Sydbank A/S,125.08,122.20,119.90,108.90,112.70,125.80,130.20,114.60,119.90,117.60,118.00,104.10,102.50,96.40,93.90,94.50,89.30,71.60,67.30,71.90
"Tarm Bank, Aktieselskabet",84.06,77.50,,,,,,,,,,,,,,,,,,
Thiset og Omegns Spare- Og Lånekasse,27.20,22.20,21.10,15.60,17.20,9.50,,,,,,,,,,,,,,
Thisted Andelskasse,108.90,102.00,98.70,82.60,87.00,87.00,107.90,112.00,128.90,,,,,,,,,,,
Tødsø-Erslev Sparekasse,55.40,65.30,,,,,,,,,,,,,,,,,,
Tønder Bank A/S,117.39,107.70,92.50,106.10,110.00,120.10,118.00,126.10,123.00,134.20,114.10,105.90,,,,,,,,
Totalbanken A/S,118.40,110.20,96.00,83.90,94.90,106.60,101.10,116.60,121.70,110.40,109.50,109.40,101.70,94.20,82.90,75.90,76.33,75.10,76.22,69.84
Tved Sparekasse,72.20,73.00,72.70,72.50,77.60,57.60,60.90,82.60,90.00,80.90,,,,,,,,,,
Ulfborg Sparekasse,24.30,22.50,23.00,18.80,17.70,19.20,12.60,13.20,18.70,18.30,13.40,10.60,11.90,12.10,9.30,,,,,
Ulsted Sparekasse,100.40,88.70,79.00,81.10,84.10,74.10,84.00,89.20,,,,,,,,,,,,
Vendsyssel Bank A/S,98.60,96.20,,,,,,,,,,,,,,,,,,
Vestfyns Bank A/S,98.44,88.40,82.80,78.00,83.00,88.50,103.20,101.20,89.30,88.10,89.50,91.20,80.80,,,,,,,
Vestjysk Bank A/S,273.60,253.10,122.40,125.30,126.60,132.20,152.90,160.60,146.40,135.00,160.30,158.90,133.20,117.90,97.30,90.80,91.67,79.38,76.28,68.90
"Vinderup Bank, A/S",90.80,87.70,82.80,91.60,87.40,82.50,79.90,80.30,72.90,77.60,61.40,67.50,,,,,,,,
Vistoft Sparekasse,60.52,71.30,57.90,53.60,45.20,43.60,72.80,108.30,92.60,65.20,65.70,63.30,66.10,67.80,,,,,,
Vokslev Sogns Spare- og Laanekasse,37.40,36.80,33.70,46.40,53.10,57.70,59.90,78.90,82.70,82.80,69.47,66.62,,,,,,,,
Vorbasse-Hejnsvig Sparekasse,84.70,82.50,85.40,88.20,112.60,92.40,102.70,105.80,108.00,111.30,108.40,97.40,90.00,89.00,83.50,,,,,
Vordingborg Bank A/S,81.10,76.10,72.70,77.30,75.60,59.60,72.70,80.30,89.00,102.50,109.10,110.00,92.20,,,,,,,