A/S Nørresundby Bank,158.80,166.70,169.60,172.80,182.90,158.00,124.30,119.00,65.20,48.50,46.60,32.40,31.70,43.60,42.20,,,,,
Aarhus Lokalbank Aktieselskab,146.40,108.50,123.70,119.50,198.00,168.70,213.90,188.00,199.50,79.70,451.10,171.30,,,,,,,,
Aars Bank A/S,104.50,,,,,,,,,,,,,,,,,,,
Agri-Egens Sparekasse,204.10,253.90,324.60,161.30,116.70,104.50,252.50,0.00,118.40,0.00,,,,,,,,,,
Aktieselskabet Arbejdernes Landsbank,116.10,150.70,187.20,132.50,98.20,141.20,118.30,71.20,102.70,88.20,66.20,54.30,35.50,46.50,20.70,10.60,0.00,0.00,52.96,65.45
"Alfred Berg SE, Copenhagen Branch",14.20,5.10,3.20,2.90,39.20,,,,,,,,,,,,,,,
Alm. Brand Bank A/S,149.49,275.30,162.70,183.00,306.20,329.90,295.10,311.90,321.70,96.90,67.60,68.70,62.10,52.60,55.20,141.10,28.50,36.10,43.20,52.40
Almind Sparekasse,213.60,191.30,210.10,301.70,344.90,255.60,,,,,,,,,,,,,,
Amagerbanken,267.70,189.00,169.40,225.00,223.60,386.00,294.50,349.10,416.30,180.40,0.00,,,,,,,,,
Andelskassen Fælleskassen,199.90,164.50,103.60,51.60,41.10,27.40,10.40,61.10,26.60,34.50,120.30,71.80,90.70,54.05,76.11,57.67,60.80,53.92,84.58,65.35
Andelskassen OIKOS,75.90,109.50,123.00,114.00,181.20,210.10,243.80,350.70,328.60,290.10,325.60,249.60,0.00,210.66,210.63,0.00,0.00,0.00,,
Århus Andelskasse,221.50,173.50,176.50,223.20,404.20,,,,,,,,,,,,,,,
ArosMaizels Investment Bank A/S,0.00,,,,,,,,,,,,,,,,,,,
"Arts Herred, Sparekassen for",41.10,0.00,73.20,34.30,40.30,18.50,25.70,0.00,206.10,172.20,10.82,0.00,,,,,,,,
Astrup-Tulstrup-Hvilsted Sparekasse,84.10,99.30,55.30,95.50,70.20,28.30,41.20,,,,,,,,,,,,,
Bank DNB  A/S,,,,,,,97.27,159.21,84.67,13.18,0.00,0.00,,,,,,,,
Bank Trelleborg A/S,70.40,40.00,77.30,184.50,214.90,256.80,187.90,216.90,,,,,,,,,,,,
Basisbank A/S,35.80,32.90,30.40,33.80,60.70,85.80,116.40,162.00,206.60,109.90,181.30,216.80,211.00,166.40,81.00,13.10,11.10,0.00,10.43,0.08
BG Bank A/S,344.53,,,,,,,,,,,,,,,,,,,
Boddum-Ydby Sparekasse,72.10,65.80,95.30,80.90,75.00,77.60,56.10,50.00,95.60,103.20,86.90,84.90,,,,,,,,
Bonusbanken A/S,53.94,50.50,80.50,67.30,113.00,95.30,88.00,184.40,,,,,,,,,,,,
Borbjerg Sparekasse,150.90,139.90,143.90,163.60,168.00,56.10,76.83,112.50,97.00,69.40,86.40,87.50,102.90,74.00,79.40,38.80,10.50,12.30,127.90,86.47
"Brenderup, J.A.K. Andelskassen",226.90,165.10,138.30,238.70,256.70,184.68,162.30,269.90,269.90,,,,,,,,,,,
BRFkredit Bank a/s,154.30,139.80,212.90,297.70,270.40,183.60,117.00,95.80,122.80,99.10,0.00,139.60,57.40,120.50,30.40,,,,,
Broager Sparekasse,0.00,70.20,27.30,15.30,10.20,57.90,0.00,21.30,29.60,41.60,35.60,20.20,38.60,26.00,15.70,41.00,10.30,0.00,152.11,94.36
Brovst Sparekasse,0.00,16.80,0.00,0.00,0.00,0.00,,,,,,,,,,,,,,
Canto Bank A/S,,,,,,,,,,,,,,,,,,,,0.00
Capinordic Bank A/S,,,,,,0.00,0.79,0.85,88.00,,,,,,,,,,,
Carnegie Bank A/S,12.00,26.00,57.50,49.90,115.80,85.30,28.30,21.30,58.90,23.50,23.80,15.20,10.30,,,,,,,
Coop Bank A/S,,,,,,,,,,,,,,0.00,0.00,22.60,0.00,0.00,0.00,0.00
Danske Andelskassers Bank A/S,32.50,48.70,87.50,154.80,44.90,63.10,30.60,79.80,56.10,59.20,66.90,18.30,29.10,46.40,53.00,50.50,48.70,61.50,167.10,113.00
Danske Bank A/S,70.50,107.70,140.00,149.60,161.20,173.80,151.50,151.00,98.20,22.80,46.70,32.60,11.80,0.00,0.00,0.00,11.40,12.50,101.80,125.10
Den Jyske Sparekasse,29.20,20.40,30.50,15.50,14.10,40.80,119.50,10.60,62.70,21.50,11.90,35.60,0.00,0.00,0.00,0.00,0.00,10.75,,
Den Jyske Sparekasse A/S,,,,,,,,,,,,,,,,,,,106.70,127.60
Den lille Sparekasse,77.80,0.00,0.00,0.00,15.10,101.90,88.30,23.90,31.80,,,,,,,,,,,
Dexia Bank A/S,19.60,15.10,59.10,72.30,59.90,105.80,114.40,113.90,96.40,1.94,305.00,161.14,144.41,,,,,,,
DiBa Bank A/S,52.90,59.30,58.90,24.00,27.20,41.00,49.80,55.60,85.40,71.00,76.40,45.90,52.10,156.50,,,,,,
Djurslands Bank A/S,70.80,67.50,66.90,71.60,68.40,45.70,57.60,0.00,72.70,73.30,117.10,77.00,71.50,59.10,77.50,61.80,80.10,52.80,118.00,92.30
Dragsholm Sparekasse,24.00,41.70,136.90,55.50,95.10,96.00,91.30,74.50,91.20,24.20,14.70,12.70,11.40,10.80,28.00,54.90,28.00,37.70,98.40,105.84
Dragstrup-Skallerup Sparekasse,63.70,56.10,30.20,55.70,49.52,,,,,,,,,,,,,,,
Dronninglund Sparekasse,71.20,136.90,108.70,78.50,116.80,113.60,159.20,82.30,55.70,50.10,46.80,45.60,79.00,29.40,34.40,55.90,38.20,33.90,104.00,
Durup Sparekasse,72.90,41.80,42.50,25.50,43.70,10.70,,,,,,,,,,,,,,
"Ebeltoft, Andelskassen J.A.K",0.00,42.86,0.00,0.00,0.00,0.00,0.00,0.00,58.40,110.40,127.22,194.23,184.30,,,,,,,
EBH Bank A/S,51.30,52.00,49.80,54.50,31.90,113.70,140.30,172.30,,,,,,,,,,,,
Egnsbank Fyn A/S,84.00,108.10,,,,,,,,,,,,,,,,,,
Eik Bank Danmark A/S,,81.70,142.30,575.60,396.70,580.70,524.00,254.50,242.50,269.00,0.00,,,,,,,,,
Ekspres Bank A/S,,,,,,,,0.00,0.00,0.00,0.00,0.00,0.00,0.00,0.00,0.00,,0.00,0.00,0.00
Facit Bank A/S,,,,,,,,,,,,,,,,,,,,
Fanefjord Sparekasse,59.20,48.20,58.80,32.10,10.70,48.20,40.70,71.70,47.10,53.10,35.90,31.51,,,,,,,,
Fanø Sparekasse,46.70,60.20,43.80,39.40,43.60,42.80,56.20,80.50,51.10,17.70,30.40,24.90,24.90,27.30,18.80,21.40,21.40,0.00,18.67,37.69
"Farsø, Sparekassen",116.80,76.10,80.70,90.60,84.40,100.90,95.50,138.60,105.90,48.50,80.70,118.20,,,,,,,,
Faster Andelskasse,72.00,121.50,54.60,91.50,80.40,73.30,75.20,116.10,72.90,78.20,73.10,86.80,96.60,101.70,84.20,86.70,88.22,120.49,126.24,127.99
FIH Erhvervsbank A/S,,,325.40,335.80,446.30,320.00,275.40,124.40,122.50,47.00,67.10,35.38,73.58,64.00,42.10,36.87,,,,
FIH Kapital Bank A/S,,,,,,,,225.00,132.80,87.00,62.90,11.00,20.74,,,,,,,
Finansbanken A/S,68.40,153.40,225.50,211.20,172.20,286.90,228.90,222.00,259.40,295.30,,,,,,,,,,
Fionia Bank A/S,104.50,284.30,109.30,149.00,61.20,90.90,22.00,40.40,145.30,,,,,,,,,,,
Fjaltring-Trans Sparekasse,331.00,246.70,249.40,288.10,173.70,219.70,311.81,272.34,201.63,217.24,313.90,61.10,0.00,0.00,21.00,58.80,0.00,,,
Fjordbank Mors A/S,59.90,71.30,87.40,75.00,143.90,148.40,76.20,133.10,191.80,247.20,97.50,,,,,,,,,
Flakkebjerg og Omegns Sparekasse,12.70,23.40,46.30,74.90,99.20,75.50,,,,,,,,,,,,,,
Flemløse Sparekasse,122.80,150.10,83.90,32.70,43.70,95.90,75.80,12.80,10.90,0.00,0.00,13.50,0.00,20.00,29.90,39.90,29.80,,,
Folkesparekassen,180.20,107.00,128.20,78.20,119.40,120.40,257.90,188.50,76.60,54.80,84.00,65.50,107.40,25.90,22.80,11.50,39.00,21.80,105.10,103.67
Forstædernes Bank A/S,122.90,81.20,81.00,98.30,213.80,226.80,273.90,227.80,84.70,,,,,,,,,,,
Frørup Andelskasse,37.30,20.60,11.20,22.00,14.40,21.00,25.60,44.20,12.34,29.29,74.57,29.98,34.40,33.90,45.37,44.70,43.90,20.90,52.18,61.30
Frøs Sparekasse,0.00,0.00,0.00,0.00,39.50,23.20,12.80,0.00,0.00,0.00,13.40,0.00,0.00,0.00,0.00,0.00,0.00,0.00,101.85,88.35
Frøslev-Mollerup Sparekasse,46.30,47.50,131.80,106.00,106.20,52.30,51.31,41.50,55.07,69.86,63.50,21.96,10.12,10.30,12.31,22.07,21.93,10.21,109.12,108.84
Fruering-Vitved Sparekasse,207.60,143.30,219.50,180.40,277.70,37.60,79.30,60.00,151.60,155.20,416.00,,,,,,,,,
Funder Fælleskasse Andelskasse,90.20,84.60,128.20,87.00,36.60,40.90,71.90,18.20,19.90,25.70,10.40,0.00,0.00,13.65,,,,,,
Fuur Sparekasse,0.00,0.00,0.00,0.00,0.00,25.40,,,,,,,,,,,,,,
Fynske Bank A/S,57.10,57.20,54.90,129.40,193.80,142.90,152.70,178.70,50.00,45.90,22.30,10.90,47.20,11.90,11.50,10.20,27.80,25.30,121.70,115.70
Galten Sparekasse,58.50,91.40,85.50,137.90,98.80,72.60,32.90,,,,,,,,,,,,,
"Grønlandsbanken, Aktieselskab",143.30,147.20,132.60,91.20,85.60,79.80,70.40,130.20,125.20,146.90,115.70,110.20,93.50,58.70,40.00,69.90,90.30,60.90,160.40,163.50
Gudme Raaschou Bank A/S,0.00,0.00,0.00,0.00,0.00,308.10,376.20,440.80,"-1,132.70",,,,,,,,,,,
Hals Sparekasse,24.80,53.60,34.00,45.00,28.00,43.50,42.50,52.80,46.20,15.80,73.00,25.70,23.70,35.30,28.10,,,,,
Hårslev Sparekasse,271.20,165.20,182.20,299.70,0.00,193.90,72.00,0.00,,,,,,,,,,,,
Hassing-Villerslev Sparekasse,40.10,106.70,,,,,,,,,,,,,,,,,,
Helgenæs Sparekasse,217.80,141.50,190.30,178.10,162.70,173.80,252.70,470.60,483.70,408.00,505.00,159.00,,,,,,,,
Hellevad-Ørum Sparekasse,130.10,128.00,116.40,70.90,103.90,,,,,,,,,,,,,,,
Helligsø-Gettrup Sparekasse,11.60,54.40,61.60,112.60,604.30,,,,,,,,,,,,,,,
Holstebro Andelskasse J.A.K,83.10,77.50,63.00,55.20,73.30,,,,,,,,,,,,,,,
Hover Sparekasse,80.00,38.80,44.57,53.45,58.88,69.55,86.51,,,,,,,,,,,,,
Hunstrup-Østerild Sparekasse,147.80,124.00,186.60,149.80,153.00,107.20,83.70,110.60,113.40,160.70,84.30,86.70,,,,,,,,
HVIDBJERG BANK A/S,,,,,,,,,,,,,,,,,,,,125.20
Hvidbjerg Bank. Aktieselskab,63.40,75.60,50.00,43.20,58.80,111.70,92.40,59.90,11.50,0.00,43.40,34.70,54.50,28.10,14.90,15.00,35.40,0.00,143.60,
Hvidbjerg-Ørum Sparekasse,308.40,119.50,146.40,145.00,70.60,,,,,,,,,,,,,,,
Hvilsager-Lime Sparekasse,68.60,61.40,115.20,110.90,106.30,,,,,,,,,,,,,,,
J.A.K. Andelskassen Varde,168.88,136.96,145.60,281.83,302.70,350.95,381.70,3.31,3.10,298.04,274.52,233.14,,,,,,,,
J.A.K. Østfyns Andelskasse,80.35,86.30,85.80,94.50,90.60,109.20,116.30,,,,,,,,,,,,,
"JAK-Andelskassen, Hjørring",128.60,109.00,,,,,,,,,,,,,,,,,,
Jelling Sparekasse,12.30,16.20,15.80,10.10,0.00,0.00,32.30,,,,,,,,,,,,,
Jelstrup-Lyngby Sparekasse,27.00,,,,,,,,,,,,,,,,,,,
Jerslev Sparekasse,21.40,11.10,14.10,38.40,59.20,53.00,,,,,,,,,,,,,,
Jutlander Bank A/S,23.30,11.90,16.20,67.60,83.20,54.00,51.80,35.80,49.60,10.20,10.40,13.20,14.50,14.00,22.90,21.20,0.00,11.00,81.96,79.74
Jyske Bank A/S,187.60,158.30,118.70,65.70,77.60,98.60,43.30,63.10,59.10,27.10,32.90,0.00,0.00,0.00,0.00,0.00,0.00,0.00,75.80,84.40
Klim Sparekasse,73.20,39.70,15.80,42.40,26.50,43.00,53.30,67.70,58.20,53.80,40.20,30.00,67.20,39.80,31.90,18.60,11.60,21.40,54.50,54.23
Københavns Andelskasse,78.50,252.20,62.90,124.60,99.10,135.30,97.80,69.40,151.10,120.40,94.28,0.00,15.44,257.02,62.79,33.95,69.18,42.46,,
Kongsted Sparekasse,75.50,107.00,60.10,49.10,38.90,10.90,26.50,96.70,78.80,85.90,115.33,85.94,99.41,,,,,,,
Kreditbanken A/S,80.00,75.60,56.40,17.30,15.00,52.20,61.70,72.50,40.50,27.50,13.30,12.70,22.80,20.50,22.50,22.60,31.50,18.70,94.90,93.40
Lægernes Bank A/S,40.60,29.30,22.80,54.20,47.30,141.80,143.90,232.00,13.20,51.70,0.00,0.00,0.00,0.00,0.00,0.00,0.00,11.63,54.08,41.20
Lån & Spar Bank A/S,82.80,116.10,149.60,130.40,107.80,95.90,118.30,65.90,73.20,82.80,91.70,34.20,50.90,17.40,32.60,53.70,49.70,44.50,50.50,24.10
Langå Sparekasse,26.10,45.70,29.10,17.10,36.30,45.80,29.10,21.60,22.30,22.80,12.30,23.50,23.50,56.80,0.00,0.00,0.00,0.00,89.37,94.29
Leasing Fyn Bank A/S,41.60,23.50,11.80,11.00,36.30,36.60,80.70,96.90,95.40,72.30,47.30,44.84,44.32,43.80,87.11,19.90,9.90,0.00,123.40,119.80
"Løgumkloster, Sparekassen",55.60,49.80,39.60,48.20,104.00,50.20,57.40,81.00,130.30,,,,,,,,,,,
Lokalbanken i Nordsjælland a/s,43.20,85.00,60.60,83.00,116.10,218.80,171.70,178.50,73.00,,,,,,,,,,,
Løkken Sparebank A/S,12.20,50.90,11.00,12.10,72.50,144.20,256.30,128.60,0.00,,,,,,,,,,,
"Lolland A/S, Sparekassen",10.20,14.40,12.80,75.30,62.50,102.20,99.90,71.60,47.80,43.60,77.00,83.30,,,,,,,,
Lollands Bank A/S,36.50,36.80,91.50,33.70,22.10,85.30,105.20,44.60,39.30,44.00,25.70,13.60,11.60,16.20,47.60,34.00,17.46,26.45,107.40,104.45
Lunar Bank A/S,,,,,,,,,,,,,,,,,,,,0.00
Lunde-Kvong Andelskasse,44.87,77.95,106.43,148.23,248.63,251.86,267.62,255.92,301.65,462.64,331.60,,,,,,,,,
Maj Bank A/S,,,,,,,,,,,,,,,,0.00,0.00,0.00,,0.00
Max Bank af 2011 A/S,191.40,126.40,152.20,105.80,107.50,234.60,200.20,167.60,234.50,110.50,84.70,,,,,,,,,
Merkur Andelskasse,107.10,58.60,122.80,108.20,85.70,119.40,125.00,115.50,70.70,86.10,84.50,88.90,0.00,24.00,34.60,37.30,53.52,35.54,11.57,30.31
Middelfart Sparekasse,81.60,98.60,118.40,58.30,162.40,116.90,127.40,124.70,134.10,17.90,38.30,12.20,74.40,35.20,35.70,10.30,29.90,0.00,92.20,82.50
"Midt Vest, Sparekassen",10.60,0.00,0.00,0.00,35.30,12.00,,,,,,,,,,,,,,
"Midtbank, Aktieselskab",72.70,240.60,,,,,,,,,,,,,,,,,,
"Midtfjord, Sparekassen",78.80,109.30,114.00,52.80,59.20,22.10,60.10,85.60,139.00,126.60,106.70,,,,,,,,,
Møns Bank A/S,54.60,45.50,72.40,87.30,114.50,148.90,111.20,36.80,30.60,37.30,34.20,47.20,40.30,72.90,67.70,73.40,64.41,34.84,142.30,130.15
Mørke Sparekasse,48.40,35.40,128.30,236.00,205.20,514.60,172.90,,,,,,,,,,,,,
Morsø Andelskasse JAK,226.60,163.70,203.10,113.10,144.20,168.10,148.45,,,,,,,,,,,,,
"Morsø Bank, Aktieselskabet",323.10,216.30,318.60,220.70,407.70,307.00,329.10,218.50,94.40,79.40,,,,,,,,,,
Nees Sparekasse,101.00,86.20,,,,,,,,,,,,,,,,,,
Nordea Bank Danmark A/S,101.20,157.80,129.00,145.30,100.80,62.50,92.70,81.60,79.90,86.10,72.60,26.10,11.70,10.30,10.90,0.00,,,,
Nordea Investment Management Bank A/S,,0.00,0.00,0.00,0.00,14.20,,,,,,,,,,,,,,
Nordea Securities Bank Danmark A/S,,0.00,,,,,,,,,,,,,,,,,,
"Nordfyns Bank, Aktieselskabet",45.30,62.40,0.00,0.00,0.00,0.00,0.00,0.00,11.10,0.00,0.00,0.00,0.00,10.10,0.00,18.80,17.10,0.00,,0.00
Nordjyske Bank A/S,44.50,39.90,44.00,48.10,74.60,139.70,197.00,111.10,41.10,13.20,33.00,37.10,23.30,11.60,11.10,27.50,36.00,13.50,,
Nykredit Bank A/S,596.40,459.10,352.20,329.70,351.30,349.50,336.40,134.70,93.70,62.20,41.80,0.00,0.00,0.00,34.50,11.10,0.00,0.00,91.70,109.92
Nykredit Portefølje Bank A/S,11.50,0.00,3.40,0.00,43.20,0.00,0.00,,,,,,,,,,,,,
Ø. Brønderslev Sparekasse,50.80,0.00,63.00,14.20,12.70,25.80,22.50,0.00,20.70,36.20,,,,,,,,,,
Øster og Vester Alling Sparekasse,98.22,76.85,,,,,,,,,,,,,,,,,,
Østervrå Andelskasse,43.80,119.60,108.60,60.80,67.70,97.60,161.80,223.70,167.90,148.70,116.10,0.00,35.31,68.50,50.10,88.45,99.00,131.50,78.83,151.32
Østjydsk Bank A/S,18.39,34.20,27.50,30.50,28.10,33.20,38.70,49.50,47.60,38.70,27.90,16.60,48.30,73.90,290.90,170.70,162.00,152.80,,
Østvendsyssel J.A.K. Andelskassen,117.00,72.20,,,,,,,,,,,,,,,,,,
PenSam Bank A/S,49.10,40.10,30.20,20.60,32.10,35.80,29.80,25.20,50.10,39.00,74.10,15.50,15.30,15.80,19.10,31.90,59.80,56.48,41.30,41.60
PFA Bank A/S,,,,,,,,,72.07,329.45,138.06,118.85,73.20,0.00,0.00,0.00,,,,
"Ravsted, Sparekassen",170.90,195.70,,,,,,,,,,,,,,,,,,
Refsnæs Sparekasse,94.10,80.90,96.60,93.40,123.00,92.20,81.00,84.00,70.30,25.30,43.40,0.00,0.00,0.00,79.40,0.00,0.00,,,
"Ringkjøbing Bank, Aktieselskabet",23.60,0.00,0.00,11.30,44.80,33.70,18.80,36.00,,,,,,,,,,,,
Ringkjøbing Landbobank. Aktieselskab,70.20,65.10,55.30,90.90,95.50,73.30,116.10,38.30,12.10,0.00,10.20,41.70,27.20,35.00,47.80,63.40,29.50,23.10,106.00,121.00
Rise Flemløse Sparekasse,159.30,207.40,222.00,315.60,226.40,231.70,100.60,73.80,86.40,59.20,21.00,0.00,31.60,0.00,16.00,14.40,13.90,15.40,88.10,80.91
"Rødding, J.A.K. Andelskasse",39.40,24.10,10.30,12.40,11.30,32.20,20.40,10.70,,,,,,,,,,,,
Rønde Sparekasse,10.40,11.50,28.80,16.20,12.60,22.20,41.80,37.60,34.20,36.40,27.40,0.00,0.00,0.00,0.00,0.00,0.00,0.00,117.83,111.80
Roskilde Bank A/S,77.60,63.80,139.10,179.60,238.80,314.20,186.60,186.50,,,,,,,,,,,,
Roslev Sparekasse,26.70,65.80,72.90,62.50,46.80,50.80,,,,,,,,,,,,,,
Ryslinge Andelskasse,0.00,20.20,30.30,52.20,24.50,86.30,0.00,73.90,179.00,143.30,279.70,,,,,,,,,
Salling Bank A/S,32.70,33.50,62.30,63.90,58.00,142.00,112.80,93.40,81.80,48.80,56.50,58.40,69.90,52.60,47.60,39.70,37.30,10.90,157.00,148.00
Sammenslutningen Danske Andelskasser,0.00,0.00,0.00,0.00,0.00,0.00,0.00,0.00,16.70,24.10,16.80,,,,,,,,,
Saxo Bank A/S,,48.20,11.90,37.00,50.80,118.50,75.20,16.10,15.30,0.00,20.00,77.40,0.00,0.00,0.00,0.00,,0.00,7.80,23.50
Saxo Privatbank A/S,44.10,20.50,15.30,41.40,0.00,22.30,20.60,13.00,24.90,18.90,0.00,0.00,37.74,91.83,18.59,10.23,52.20,44.00,,
Saxo Treasury Bank A/S,,0.00,25.90,66.80,90.20,162.00,165.10,566.10,332.16,390.62,461.60,,,,,,,,,
Sdr. Lem Andelskasse,10.00,133.00,177.10,235.90,19.60,,,,,,,,,,,,,,,
Skælskør Bank Aktieselskab,109.60,107.00,82.70,37.00,69.20,63.80,100.40,134.00,205.90,97.10,,,,,,,,,,
SkandiaBanken A/S,51.00,58.70,,,,,,,,,,,,,,,,,,
Skandinaviska Enskilda Banken A/S,17.80,18.20,32.10,72.00,18.30,0.00,11.60,17.00,0.00,4.28,0.00,595.10,,,,,,,,
Skjern Bank A/S,13.42,34.50,71.90,71.20,88.40,98.50,165.00,109.40,110.60,88.20,38.50,18.20,13.10,23.20,38.40,23.40,10.30,55.10,144.10,136.50
"Slagelse, Andelskassen J.A.K.",210.60,247.90,269.27,342.20,282.33,278.05,319.87,219.83,235.57,167.25,167.94,117.20,161.70,227.09,255.92,40.60,,,,
Snedsted-Nørhå Sparekasse,104.90,72.10,72.30,82.80,107.50,,,,,,,,,,,,,,,
Snesere Sogns Spare- og Lånekasse,0.00,,,,,,,,,,,,,,,,,,,
Søby-Skader-Halling Sparekasse,44.30,43.20,38.00,28.50,44.50,41.00,11.20,0.00,22.50,57.80,49.63,50.70,46.36,33.08,60.02,32.38,33.29,,,
Sønderhå-Hørsted Sparekasse,20.60,46.00,96.90,73.40,74.50,71.40,71.20,37.40,34.80,45.80,52.90,62.60,61.90,50.20,64.00,63.20,28.50,21.50,113.22,107.66
Spar Nord Bank A/S,95.10,98.20,67.30,63.50,47.10,103.10,81.50,65.50,12.30,10.90,0.00,0.00,16.60,26.30,0.00,14.75,0.00,17.23,79.19,83.56
Spar Salling Sparekasse,12.10,58.30,27.40,42.60,46.30,40.50,126.80,52.70,135.10,107.50,38.70,80.80,,,,,,,,
Sparbank A/S,12.90,9.90,21.90,30.80,80.60,86.30,137.40,80.10,82.90,67.20,19.90,58.60,,,,,,,,
Spare- og Laanekassen i Vium Sogn,121.00,120.30,175.20,335.70,"5,028.30",,,,,,,,,,,,,,,
Sparebank Østjylland,0.00,13.40,13.80,22.10,24.30,25.90,25.80,36.90,86.50,52.20,98.90,82.40,,,,,,,,
Sparekassen Balling,37.50,0.00,59.00,0.00,20.10,47.20,36.80,80.50,73.90,62.40,52.80,27.50,40.70,29.60,45.60,27.10,41.60,24.10,108.00,93.20
Sparekassen Bredebro,56.00,15.70,32.20,22.40,30.50,22.60,0.00,72.00,102.40,101.20,50.40,76.60,77.90,47.80,22.40,24.80,26.10,27.30,158.62,140.42
Sparekassen Den lille Bikube,167.50,262.80,309.40,194.80,228.30,228.60,284.40,243.60,117.90,101.60,97.90,0.00,0.00,24.70,0.00,0.00,0.00,0.00,,0.00
Sparekassen Djursland,33.30,11.20,40.20,31.70,35.10,0.00,0.00,35.90,54.60,51.20,66.70,72.60,44.80,42.30,75.40,51.20,48.10,37.30,142.96,117.43
Sparekassen for Nr. Nebel og Omegn,0.00,0.00,10.30,0.00,22.90,11.70,14.50,23.70,0.00,22.50,0.00,14.20,0.00,0.00,0.00,0.00,0.00,16.40,91.00,104.97
Sparekassen Fyn A/S,68.30,61.70,108.40,145.90,128.00,162.00,215.40,189.10,109.80,70.50,61.20,64.10,62.80,41.60,29.30,15.00,,,,
Sparekassen Hobro,0.00,0.00,0.00,0.00,11.00,0.00,27.80,39.00,23.40,0.00,0.00,10.50,24.10,27.70,,,,,,
Sparekassen Hvetbo A/S,11.00,23.80,22.30,83.10,106.50,57.70,69.90,69.20,151.70,81.90,67.80,60.30,,,,,,,,
Sparekassen i Skals,54.70,71.70,81.30,66.70,62.00,92.80,70.40,86.30,71.80,105.70,78.90,80.60,,,,,,,,
Sparekassen Kronjylland,14.90,21.80,42.20,11.90,0.00,11.30,45.50,56.90,65.70,67.20,64.10,37.90,19.20,19.60,17.00,28.50,14.30,13.10,125.10,103.00
Sparekassen Limfjorden,64.50,100.50,102.10,125.30,64.90,80.10,71.00,62.70,84.50,67.20,38.90,307.00,,,,,,,,
Sparekassen Midtdjurs,31.00,27.00,27.60,56.40,98.30,40.80,62.40,88.50,117.60,208.10,49.80,,,,,,,,,
Sparekassen Nordmors,38.70,421.70,402.50,331.10,261.50,342.10,397.53,28.80,,,,,,,,,,,,
Sparekassen Sjælland-Fyn A/S,12.44,10.30,0.00,12.30,0.00,63.50,109.50,83.90,39.30,24.40,11.80,26.10,37.56,21.10,0.00,0.00,0.00,0.00,,76.20
Sparekassen Spar Mors,68.60,69.50,0.00,58.00,11.00,11.10,44.40,62.70,,,,,,,,,,,,
Sparekassen Thy,9.20,19.10,10.60,10.20,44.60,41.40,64.60,46.20,49.50,11.80,0.00,14.20,0.00,0.00,0.00,0.00,0.00,0.00,68.80,62.21
Sparekassen Vendsyssel,10.00,12.00,10.60,14.40,14.60,22.40,23.10,16.70,15.80,17.70,32.70,14.00,10.20,0.00,0.00,0.00,0.00,0.00,,67.70
St. Brøndum Sparekasse,84.40,78.30,108.70,89.50,80.20,50.30,25.80,38.60,,,,,,,,,,,,
Stadil Sparekasse,24.30,23.41,21.17,0.00,19.19,65.91,69.14,38.13,23.80,48.90,45.00,51.40,60.20,0.00,0.00,0.00,0.00,0.00,46.84,16.42
"Sundsøre, Sparekassen",301.90,124.10,86.30,68.40,72.60,64.20,,,,,,,,,,,,,,
Sydbank A/S,75.80,95.80,70.00,79.10,61.50,94.80,34.80,46.30,23.80,17.20,54.40,26.30,21.60,15.30,0.00,0.00,0.00,,,143.50
"Tarm Bank, Aktieselskabet",30.20,54.40,,,,,,,,,,,,,,,,,,
Thiset og Omegns Spare- Og Lånekasse,81.50,81.30,42.10,40.40,106.00,70.80,,,,,,,,,,,,,,
Thisted Andelskasse,128.00,130.50,144.90,191.60,274.40,274.40,573.10,309.00,398.20,,,,,,,,,,,
Tødsø-Erslev Sparekasse,140.62,123.88,,,,,,,,,,,,,,,,,,
Tønder Bank A/S,70.69,67.10,38.40,121.30,113.10,87.80,75.60,53.30,59.30,30.80,0.00,0.00,,,,,,,,
Totalbanken A/S,52.10,95.90,83.30,74.30,129.20,146.60,211.10,262.80,232.40,73.80,83.70,114.90,72.00,71.40,70.20,45.10,37.77,36.18,150.98,122.96
Tved Sparekasse,4.50,162.00,251.90,261.20,117.10,124.20,64.40,96.70,228.50,223.90,,,,,,,,,,
Ulfborg Sparekasse,0.00,12.10,19.40,35.80,30.00,32.70,25.70,17.00,0.00,24.50,0.00,0.00,0.00,0.00,0.00,,,,,
Ulsted Sparekasse,13.70,32.60,34.70,28.90,14.80,14.90,27.90,21.40,,,,,,,,,,,,
Vendsyssel Bank A/S,22.20,35.30,,,,,,,,,,,,,,,,,,
Vestfyns Bank A/S,91.50,98.90,109.20,69.20,57.40,53.20,65.80,98.70,103.70,69.90,57.30,58.60,65.60,,,,,,,
Vestjysk Bank A/S,208.60,86.20,0.00,10.80,10.20,29.70,44.40,125.40,80.50,38.10,40.60,30.70,46.10,33.50,22.30,35.10,36.90,11.88,116.43,102.74
"Vinderup Bank, A/S",39.90,30.40,47.40,75.70,0.00,47.20,34.80,0.00,36.30,48.20,46.40,57.20,,,,,,,,
Vistoft Sparekasse,170.60,61.70,90.10,85.20,183.10,130.90,83.20,175.80,279.60,274.00,73.90,48.00,45.00,118.81,,,,,,
Vokslev Sogns Spare- og Laanekasse,275.70,267.60,179.30,248.90,330.00,617.00,427.40,366.76,305.60,299.90,0.00,159.65,,,,,,,,
Vorbasse-Hejnsvig Sparekasse,0.00,0.00,10.90,11.60,0.00,37.90,99.50,59.90,89.40,83.60,99.40,73.10,323.00,55.30,47.70,,,,,
Vordingborg Bank A/S,0.00,12.80,11.40,25.90,0.00,11.50,37.40,82.30,45.30,33.90,38.60,79.90,139.10,,,,,,,
